brand,name,link,price,80PLUS,form factor,depth,modular,EPS8pin,OEM,platform,pcb,primary topology,primary cap(s) brand,secondary side topology,secondary electrolytic caps brand,secondary solid caps brand,modular board caps,fan,fanless mode,note,review/image_1,review/image_2,review/image_3,review/image_4
Andyson,PROMINER GM1200,https://kakaku.com/item/K0001022613/,"¥4,980",Not Certified,ATX,230,fixed,x2,Andyson,unknown,single sided,double forward,Teapo 85c,unknown,JunFu 105c,unknown,n/a,POWERYEAR PY-8025H12B*2,n/a,-,https://review.kakaku.com/review/K0001022613/ReviewCD=1211385/,-,-,-
ANTEC,NeoECO Classic NE550C,https://kakaku.com/item/K0000710141/,"¥5,026",Bronze,ATX,140,fixed,x1,Andyson,(Rosewill Glacier),single sided,double forward,Hitachi 105c,Passive Rectification + Group Regulation,chemi-con/nichicon 105c,n/a,n/a,Globe Fan B1202512L,n/a,前期品はCWT GPK,https://quasarzone.co.kr/bbs/board.php?bo_table=qc_user&wr_id=11417,-,-,-
ANTEC,NeoECO Classic NE650C,https://kakaku.com/item/K0000710142/,"¥5,782",Bronze,ATX,140,fixed,x1,Andyson,(Rosewill Glacier),single sided,double forward,nichicon 105c,Passive Rectification + Group Regulation,chemi-con/nichicon 105c,n/a,n/a,Globe Fan B1202512L,n/a,前期品はCWT GPK,http://blog.daum.net/_blog/BlogTypeView.do?blogid=0E8nf&articleno=11733231&categoryId=696340&regdt=20170930192544,http://supermodel.blog.jp/archives/68662778.html,https://post.naver.com/viewer/postView.nhn?volumeNo=20204143&memberNo=25001598,-
ANTEC,NeoECO Gold NE550G,https://kakaku.com/item/K0001019732/,"¥8,078",Gold,ATX,140,semi,x1,Seasonic,Seasonic Focus Gold,double sided,full-bridge LLC,japanese 105c,Synchronous Rectification + DC/DC,chemi-con 105c,chemi-con,FPCAP/Enesol,HongHua HA1225H12S-Z,n/a,-,https://www.coolaler.com/threads/antec-neoeco-gold-550w.348327/,-,-,-
ANTEC,NeoECO Gold NE650G,https://kakaku.com/item/K0001019733/,"¥8,924",Gold,ATX,140,semi,x1,Seasonic,Seasonic Focus Gold,double sided,full-bridge LLC,japanese 105c,Synchronous Rectification + DC/DC,chemi-con 105c,chemi-con,FPCAP/Enesol,HongHua HA1225H12S-Z,n/a,-,https://www.xfastest.com/forum.php?mod=viewthread&tid=203752&cp=4,-,-,-
ANTEC,NeoECO Gold NE750G,https://kakaku.com/item/K0001019734/,"¥9,939",Gold,ATX,140,semi,x2,Seasonic,Seasonic Focus Gold,double sided,full-bridge LLC,japanese 105c,Synchronous Rectification + DC/DC,chemi-con 105c,chemi-con,FPCAP/Enesol,HongHua HA1225H12S-Z,n/a,-,https://wolflsi.pixnet.net/blog/post/66209493-antec-neoeco-gold%E7%B3%BB%E5%88%97750w%E9%9B%BB%E6%BA%90%E4%BE%9B%E6%87%89%E5%99%A8%E7%B0%A1%E4%BB%8B%E5%8F%8A%E6%B8%AC%E8%A9%A6,-,-,-
ANTEC,VP550 Plus JP,https://kakaku.com/item/K0001110032/,"¥4,880",Standard,ATX,140,fixed,x1,Andyson,unknown,unknown,unknown,unknown,unknown,n/a,n/a,n/a,POWERYEAR?,n/a,-,-,-,-,-
Apexgaming,AG-650M,https://www.apexgaming.info/collections/power-solution/products/apexgaming-ag-650m-650w80-gold-fully-modular-power-supply-1,-,Gold,ATX,160,full,x1,Solytech,unknown,double sided,half-bridge LLC,rubycon 105c,Synchronous Rectification + DC/DC,Su'scon/Elite 105c,Beryl,Su'scon Electrolytic 105c,AMBEYOND AV-F14025LS,n/a,国内品は2次側TEAPO/Eliteに変更?,https://www.nikktech.com/main/articles/pc-hardware/power-supplies/9788-apexgaming-ag-650m-650w-power-supply-unit-review?start=4,https://www.coolpc.com.tw/phpBB2/viewtopic.php?f=69&t=249980,https://www.overclockzone.com/ApexgamingAG-650M,-
Apexgaming,AG-750M,https://www.apexgaming.info/collections/power-solution/products/apexgaming-ag-750m-750w-80-gold-fully-modular-power-supply,-,Gold,ATX,160,full,x1,Solytech,unknown,double sided,half-bridge LLC,rubycon 105c,Synchronous Rectification + DC/DC,TEAPO/Elite or Su'scon 105c,Beryl,TEAPO or Su'scon Electrolytic 105c,AMBEYOND AV-F14025MB,n/a,国内品は2次側TEAPO/Eliteに変更?,https://www.%65xpreview.com/68641.html,http://www.gdm.or.jp/review/2019/0912/319342/3,http://www.%65lecfans.com/d/922339.html,-
Apexgaming,AG-850M,https://www.apexgaming.info/collections/power-solution/products/apexgaming-ag-850m-850w-80-gold-fully-modular-power-supply,-,Gold,ATX,160,full,x2,Solytech,unknown,double sided,half-bridge LLC,rubycon 105c,Synchronous Rectification + DC/DC,Su'scon/Elite 105c,Beryl,Su'scon Electrolytic 105c,AMBEYOND AV-F14025HS,n/a,国内品は2次側TEAPO/Eliteに変更?,https://www.techpowerup.com/review/apexgaming-ag-850m/4.html,https://underdesktop.com/review-apex-gaming-ag-850m-80-plus-gold-tsunami/,-,-
Cooler Master,MasterWatt 450 MPX-4501-AMAAB-JP,https://kakaku.com/item/K0001010188/,"¥5,880",Bronze,ATX,140,semi,x1,HEC,(MasterWatt),single sided,double forward,Teapo 85c,Synchronous Rectification + DC/DC,TEAPO 105c,FPCAP,TEAPO 105c,CM Silencio FP DF1202512RFLN,n/a,3C認証：2017010907002561,https://www.computerbase.de/2018-03/cooler-master-masterwatt-enermax-revobron-netzteil-test/2/,https://nl.hardware.info/product/411277/cooler-master-masterwatt-450w,-,-
Cooler Master,MasterWatt 550 TUF Gaming Edition MPX-5501-AMAAB-JF,https://kakaku.com/item/K0001083772/,"¥6,464",Bronze,ATX,140,semi,x1,HEC,(MasterWatt),single sided,double forward,unknown 85c,Synchronous Rectification + DC/DC,? TEAPO 105c,? FPCAP,? TEAPO 105c,CM Silencio FP DF1202512RFLN,n/a,3C認証：2017010907002585,https://www.pcgameshardware.de/Netzteil-Hardware-219902/Tests/Cooler-Master-Masterwatt-550-Review-1246492/,-,-,-
Cooler Master,MasterWatt 650 MPX-6501-AMAAB-JP,https://kakaku.com/item/K0001010190/,"¥7,799",Bronze,ATX,140,semi,x1,HEC,(MasterWatt),single sided,double forward,Teapo 85c,Synchronous Rectification + DC/DC,TEAPO 105c,FPCAP,TEAPO 105c,CM Silencio FP DF1202512RFLN,n/a,3C認証：2017010907006836,https://www.kitguru.net/components/power-supplies/zardon/cooler-master-masterwatt-650-power-supply-review/4/,https://pcper.com/2018/10/cooler-master-masterwatt-650w-power-supply-review/3/,-,-
Cooler Master,MasterWatt 750 MPX-7501-AMAAB-JP,https://kakaku.com/item/K0001010191/,"¥8,788",Bronze,ATX,140,semi,x1,HEC,(MasterWatt),single sided,double forward,Elite 85c,Synchronous Rectification + DC/DC,TEAPO 105c,FPCAP,TEAPO 105c,CM Silencio FP DF1202512RFLN,n/a,3C認証：2017010907006836,http://www.f14lab.com/2017/12/review-cooler-master-master-watt-750.html,https://i2hard.ru/publications/22367/,https://www.pctekreviews.com/Reviews/CMMPX750.aspx,-
COOLER MASTER,MWE 450 Bronze-V2 MPE-4501-ACAAB-JP,https://kakaku.com/item/K0001217996/,"¥5,240",Bronze,ATX,140,fixed,x1,Gospower,unknown,single sided,half-bridge LLC,Elite 85c,Synchronous Rectification + DC/DC,Elite 105c,CapXon,n/a,DF1202512SELN,yes,https://ru.gecid.com/power/cooler_master_mwe_bronze_650/,-,-,-,-
COOLER MASTER,MWE 550 Bronze-V2 MPE-5501-ACAAB-JP,https://kakaku.com/item/K0001217997/,"¥5,400",Bronze,ATX,140,fixed,x1,Gospower,unknown,single sided,half-bridge LLC,Elite 85c,Synchronous Rectification + DC/DC,Elite 105c,CapXon,n/a,DF1202512SELN,yes,https://ru.gecid.com/power/cooler_master_mwe_bronze_650/,ftp://members.cybenetics.report/PDF_Reports/d/cybenetics_Jv8.pdf,-,-,-
Cooler Master,MWE Bronze 450 MPX-4501-ACAAB-JP,https://kakaku.com/item/K0001010185/,"¥4,620",Bronze,ATX,140,fixed,x1,HEC,(MasterWatt),single sided,half-bridge LLC,? Elite 85c,Synchronous Rectification + DC/DC,? TEAPO 105c,? FPCAP,n/a,CM Silencio FP DF1202512RFLN,yes,3C認証：2017010907002561,-,-,-,-
Cooler Master,MWE Bronze 650 MPX-6501-ACAAB-JP,https://kakaku.com/item/K0001010187/,"¥8,561",Bronze,ATX,140,fixed,x1,HEC,(MasterWatt),single sided,half-bridge LLC,Elite 85c,Synchronous Rectification + DC/DC,TEAPO 105c,FPCAP,n/a,CM Silencio FP DF1202512RFLN,yes,3C認証：2017010907006836,http://www.f14lab.com/2017/12/review-cooler-master-mwe-bronze-650-650w.html,https://www.coolpc.com.tw/phpBB2/viewtopic.php?f=69&t=241705&p=632368,-,-
Cooler Master,MWE Gold 550 Full Modular MPY-5501-AFAAG,https://kakaku.com/item/K0001082222/,"¥8,452",Gold,ATX,160,full,x1,XinHuiYuan(鑫暉源),unknown,double sided,full-bridge LLC,Elite 85c,Synchronous Rectification + DC/DC,Elite 105c,Elite,Elite electrolytic?,CM Silencio FP DF1202512RFLN,n/a,3C認証 : 2017010907007095,https://nl.hardware.info/artikel/8903/cooler-master-mwe-gold-voedingen-review-kan-een-80plus-gold-te-goedkoop-zijn,https://ru.gecid.com/power/cooler_master_mwe_gold_550/,-,-
Cooler Master,MWE Gold 550 MPY-5501-ACAAG,https://kakaku.com/item/K0001083422/,"¥6,905",Gold,ATX,140,fixed,x1,XinHuiYuan(鑫暉源),unknown,double sided,full-bridge LLC,Elite 85c,Synchronous Rectification + DC/DC,12KuangJin 105c,FPCAP,n/a,CM Silencio FP DF1202512RFLN,n/a,3C認証 : 2017010907007095,https://www.%65xpreview.com/58307-all.html,-,-,-
Cooler Master,MWE Gold 750 Full Modular MPY-7501-AFAAG,https://kakaku.com/item/K0001082221/,"¥9,630",Gold,ATX,160,full,x1,XinHuiYuan(鑫暉源),unknown,double sided,full-bridge LLC,Elite 85c,Synchronous Rectification + DC/DC,Elite 105c,Elite,Elite electrolytic,CM Silencio FP DF1202512RFLN,n/a,3C認証 : 2017010907007095,https://nl.hardware.info/artikel/8903/cooler-master-mwe-gold-voedingen-review-kan-een-80plus-gold-te-goedkoop-zijn,https://gnd-tech.com/2018/11/cooler-master-mwe-gold-750-power-supply-review/,https://pcper.com/2019/01/cooler-master-mwe-gold-750w-full-modular-power-supply-review/3/,-
Cooler Master,MWE Gold 750 MPY-7501-ACAAG,https://kakaku.com/item/K0001083421/,"¥9,511",Gold,ATX,140,fixed,x1,XinHuiYuan(鑫暉源),unknown,double sided,full-bridge LLC,Elite 85c,Synchronous Rectification + DC/DC,Elite 105c,Elite,n/a,CM Silencio FP DF1202512RFLN,n/a,3C認証 : 2017010907007095,https://proclockers.com/reviews/power-supplies/cooler-master-mwe-gold-series-750w-power-supplies-review/page/0/4,-,-,-
Corsair,CX450M CP-9020101-JP,https://kakaku.com/item/K0000866469/,"¥4,879",Bronze,ATX,140,semi,x1,CWT,Corsair custom,single sided,double forward,japanese 105c,Synchronous Rectification + DC/DC,chemi-con/SAMXON/Su'scon 105c,chemi-con/APAQ/Teapo,APAQ,HongHua HA1225H12F-Z(H12S-Zから変更),n/a,https://linustechtips.com/main/topic/1018726-sleeve-bearing-durability/?tab=comments#comment-12167990,https://nl.hardware.info/artikel/6952/corsair-cx450m-review-aardige-budgetvoeding,https://tweakers.net/productreview/136105/corsair-cx450m.html,-,-
Corsair,CX550M CP-9020102-JP,https://kakaku.com/item/K0000866468/,"¥6,105",Bronze,ATX,140,semi,x1,CWT,Corsair custom,single sided,double forward,japanese 105c,Synchronous Rectification + DC/DC,chemi-con/SAMXON/Su'scon 105c,chemi-con/APAQ/Teapo,APAQ,HongHua HA1225H12F-Z(H12S-Zから変更),n/a,https://linustechtips.com/main/topic/1018726-sleeve-bearing-durability/?tab=comments#comment-12167990,https://www.hardwareinsights.com/corsair-cx550m-farewell-group-design/4/,https://egg.5ch.net/test/read.cgi/jisaku/1553903091/293,-,-
Corsair,CX650M CP-9020103-JP,https://kakaku.com/item/K0000866467/,"¥6,486",Bronze,ATX,140,semi,x1,CWT,Corsair custom,single sided,double forward,japanese 105c,Synchronous Rectification + DC/DC,chemi-con/SAMXON/Su'scon 105c,chemi-con/APAQ/Teapo,APAQ,HongHua HA1225H12F-Z(H12S-Zから変更),n/a,https://linustechtips.com/main/topic/1018726-sleeve-bearing-durability/?tab=comments#comment-12167990,"https://www.tomshardware.com/reviews/corsair-cx650m-psu,4770-3.html",-,-,-
Corsair,VS450 CP-9020170-JP,https://kakaku.com/item/K0001035636/,"¥5,575",Standard,ATX,125,fixed,x1,HEC,unknown,single sided,double forward,Teapo 85c,Passive Rectification + Group Regulation,TEAPO 105c,n/a,n/a,Yateloon D12SH-12,n/a,3C認証：2017010907019523,https://www.computerbase.de/2019-05/corsair-vs450-test-kleines-atx-netzteil/,-,-,-
Corsair,VS550 CP-9020171-JP,https://kakaku.com/item/K0001035637/,"¥6,968",Standard,ATX,125,fixed,x1,HEC,unknown,single sided,double forward,Teapo 85c,Passive Rectification + Group Regulation,TEAPO 105c,n/a,n/a,Yateloon D12SH-12,n/a,3C認証：2017010907018978,-,-,-,-
Corsair,VS650 CP-9020172-JP,https://kakaku.com/item/K0001035638/,"¥8,077",Standard,ATX,125,fixed,x1,HEC,unknown,single sided,double forward,Teapo 85c,Passive Rectification + Group Regulation,TEAPO 105c,n/a,n/a,Yateloon D12SH-12,n/a,3C認証：2017010907018978,"https://www.tomshardware.com/reviews/corsair-vs650-psu,6017.html",-,-,-
ENERMAX,RevoBron ERB500AWT,https://kakaku.com/item/K0001007783/,"¥9,980",Bronze,ATX,140,semi,x1,CWT,CWT CSB,single sided,double forward,japanese 105c + 85c(105c?),Synchronous Rectification + DC/DC,chemi-con 105c,Elite/APAQ,n/a,Enermax ED122512M-FD,n/a,-,https://web.archive.org/web/20190101162551/http://hardwareoverclock.com/Enermax-RevoBron-600-Watt-Netzteil-3.htm,http://www.jonnyguru.com/forums/showthread.php?14826-Enermax-Introduces-RevoBron-PSU-Line/page2,https://www.computerbase.de/2018-03/cooler-master-masterwatt-enermax-revobron-netzteil-test/2/,-
ENERMAX,RevoBron ERB600AWT,https://kakaku.com/item/K0001007784/,"¥9,616",Bronze,ATX,140,semi,x1,CWT,CWT CSB,single sided,double forward,japanese 105c + 85c(105c?),Synchronous Rectification + DC/DC,chemi-con 105c,Elite/APAQ,n/a,Enermax ED122512M-FD,n/a,-,https://www.overclockers.ua/power/enermax-revobron-erb600awt/,https://www.noticias3d.com/articulo.asp?idarticulo=2506&pag=2,https://i2hard.ru/publications/22500/,-
ENERMAX,RevoBron TGA ERB500AWT TR,https://kakaku.com/item/K0001115461/,"¥7,980",Bronze,ATX,140,semi,x1,CWT,CWT CSB,single sided,double forward,japanese 105c + 85c(105c?),Synchronous Rectification + DC/DC,chemi-con 105c,Elite/APAQ,n/a,Enermax ED122512M-FD,n/a,-,https://nl.hardware.info/product/487443/enermax-revobron-tga-500w,-,-,-
ENERMAX,RevoBron TGA ERB600AWT TR,https://kakaku.com/item/K0001115460/,"¥8,680",Bronze,ATX,140,semi,x1,CWT,CWT CSB,single sided,double forward,japanese 105c + 85c(105c?),Synchronous Rectification + DC/DC,chemi-con 105c,Elite/APAQ,n/a,Enermax ED122512M-FD,n/a,-,https://www.hardwareluxx.ru/index.php/artikel/hardware/netzteile/46181-enermax-revobron-600w-tga-edition-test.html?start=1,-,-,-
ENERMAX,RevoBron TGA ERB700AWT TR,https://kakaku.com/item/K0001115459/,"¥9,479",Bronze,ATX,140,semi,x1,CWT,CWT CSB,single sided,double forward,japanese 105c + 85c,Synchronous Rectification + DC/DC,chemi-con 105c,Elite/APAQ,n/a,Enermax ED122512H-FD,n/a,-,https://www.techpowerup.com/review/enermax-erb700awt/,-,-,-
ENERMAX,Revolution DUO ERD500AWL-F,https://kakaku.com/item/K0000931692/,"¥7,030",Gold,ATX,140,fixed,x1,Yue-Lin,unknown,single sided,half-bridge LLC,Teapo 85c,Synchronous Rectification + DC/DC,Teapo 105c,Teapo,n/a,Enermax ED1002512L-OA + ED0801512L-OA,n/a,-,https://hlamer.ru/video/742395-Enermax_REVOLUTION_DUO_500_watt_Obzor_s_razborom,-,-,-
ENERMAX,Revolution DUO ERD600AWL-F,https://kakaku.com/item/K0000931693/,"¥7,137",Gold,ATX,140,fixed,x1,Yue-Lin,unknown,single sided,half-bridge LLC,Teapo 85c,Synchronous Rectification + DC/DC,Teapo 105c,Teapo,n/a,Enermax ED1002512L-OA + ED0801512L-OA,n/a,-,-,-,-,-
ENERMAX,Revolution DUO ERD700AWL-F,https://kakaku.com/item/K0000931694/,"¥8,177",Gold,ATX,140,fixed,x1,Yue-Lin,unknown,single sided,half-bridge LLC,Teapo 85c,Synchronous Rectification + DC/DC,Teapo 105c,Teapo,n/a,Enermax ED1002512L-OA + ED0801512L-OA,n/a,-,https://www.hardocp.com/article/2017/02/21/enermax_revolution_duo_700w_power_supply_review/3,https://www.overclockers.ua/power/enermax-erd700awl-f/,-,-
Enhance,FLEX 350 ENP7135B-24YGF,https://kakaku.com/item/K0000785821/,"¥8,818",Gold,Flex ATX,81.5,fixed,-,Enhance,Enhance ENP7100,unknown,unknown,unknown,unknown,unknown,unknown,n/a,unknown,n/a,-,-,-,-,-
FSP,AURUM 92+ 550 PT-550M,https://kakaku.com/item/K0000464414/,"¥9,083",Platinum,ATX,159,semi,x1,FSP,FSP Aurum 92+ ,double sided,Active-Clamp,Panasonic 105c,Synchronous Rectification + DC/DC,chemi-con 105c,n/a,n/a,PROTECHNIC MGA12012HF-A25,n/a,-,https://www.59hardware.net/articles/alimentations/alimentation-fsp-aurum-92%2B-550-w-2014082516389/all.html,https://nl.hardware.info/product/239405/fsp-aurum-92+-550w#reviews,-,-
FSP,AURUM 92+ 650 PT-650M,https://kakaku.com/item/K0000464415/,"¥9,758",Platinum,ATX,159,semi,x1,FSP,FSP Aurum 92+ ,double sided,Active-Clamp,chemi-con 105c,Synchronous Rectification + DC/DC,chemi-con 105c,n/a,n/a,PROTECHNIC MGA12012HF-A25,n/a,-,https://www.hardwaresecrets.com/fsp-aurum-92-650-w-power-supply-review/5/,https://www.techpowerup.com/review/fsp-aurum-92-650w/4.html,https://www.tweaktown.com/reviews/5142/fsp_aurum_92_pt_650m_650w_80_plus_platinum_power_supply_review/index4.html,"https://www.tomshardware.co.uk/fsp-aurum-92-650w-80-plus-platinum,review-33101.html"
FSP,AURUM S 400 AS-400,https://kakaku.com/item/K0000721805/,"¥6,602",Gold,ATX,150,fixed,x1,FSP,FSP Raider?,single sided?,Active-Clamp,Teapo 85c?,Synchronous Rectification + Group(5V/3.3V) Regulation,CapXon/Teapo 105c?,n/a,n/a,Yateloon D12SM-12?,n/a,-,https://www.cnews.cz/test-zdroju-cast-2-enermax-revolution-xt-430-w-a-fsp-aurum-s-400-w/,https://www.dospara.co.jp/monotech/news/8100.html,-,-
FSP,AURUM S 500 AS-500,https://kakaku.com/item/K0000721806/,"¥7,962",Gold,ATX,150,fixed,x1,FSP,FSP Raider?,single sided?,Active-Clamp,Teapo 85c?,Synchronous Rectification + Group(5V/3.3V) Regulation,CapXon/Teapo 105c?,n/a,n/a,Yateloon D12SM-12?,n/a,-,,,-,-
FSP,AURUM S 600 AS-600,https://kakaku.com/item/K0000721807/,"¥7,734",Gold,ATX,150,fixed,x1,FSP,FSP Raider?,single sided?,Active-Clamp,Teapo 85c?,Synchronous Rectification + Group(5V/3.3V) Regulation,CapXon/Teapo 105c?,n/a,n/a,Yateloon D12SM-12?,n/a,-,,,-,-
FSP,AURUM S 700 AS-700,https://kakaku.com/item/K0000721808/,"¥9,589",Gold,ATX,150,fixed,x1,FSP,FSP Raider?,single sided?,Active-Clamp,Teapo 85c?,Synchronous Rectification + Group(5V/3.3V) Regulation,CapXon/Teapo 105c?,n/a,n/a,Yateloon D12SM-12?,n/a,-,,,-,-
FSP,FSP300-60GHS v3.21,https://kakaku.com/item/K0000169504/,"¥4,453",Standard,SFX,100,fixed,x1,FSP,FSP SFX GHS,single sided,double forward,unknown 105c?,Passive Rectification + Group Regulation,unknown 105c,n/a,n/a,PROTECHNIC MGA8212YS-A15?,n/a,-,https://www.hardwaresecrets.com/fsp300-60ghs-power-supply-review/4/,https://www.hkepc.com/11068/SFX_%E8%A8%AD%E8%A8%88%E5%B0%8F%E5%9E%8B%E6%A9%9F%E7%AE%B1%E4%B9%8B%E9%81%B8_FSP300-60GHS_%E9%9B%BB%E6%BA%90%E4%BE%9B%E6%87%89%E5%99%A8,http://www.dont.ru/FSP-Group-FSP300-60GHS-OEM-12V-22A-80plus-SFX-FAN-80x80x15.id15892.html,-
FSP,FSP450-60GHS v3.21,https://kakaku.com/item/K0000169502/,"¥5,206",Bronze,SFX,100,fixed,x1,FSP,FSP SFX GHS,single sided,double forward,unknown 105c?,Passive Rectification + Group Regulation,unknown 105c,n/a,n/a,PROTECHNIC MGA8212YS-A15?,n/a,-,https://www.hkepc.com/10629/80PLUS%E9%8A%85%E7%89%8CMicro_ATX_%E8%A8%AD%E8%A8%88_FSP450-60GHS85R_%E9%9B%BB%E6%BA%90%E4%BE%9B%E6%87%89%E5%99%A8,https://www.techpowerup.com/forums/threads/a-peak-inside-the-fsp-450w-micro-atx-fsp450-60ghs-85-r.159878/,-,-
FSP,RAIDER II 650W RA2-650,https://kakaku.com/item/K0000984298/,"¥6,813",Silver,ATX,140,fixed,x1,FSP,FSP Raider II,single sided,Active-Clamp,japanese 105c,Synchronous Rectification + DC/DC,chemi-con/rubycon 105c,n/a,n/a,ADDA AD1212HS-A71GL,n/a,-,https://akiba-pc.watch.impress.co.jp/docs/mreview/rental/1107692.html,-,-,-
FSP,RAIDER II 750W RA2-750,https://kakaku.com/item/K0000984299/,"¥7,285",Silver,ATX,140,fixed,x1,FSP,FSP Raider II,single sided,Active-Clamp,japanese 105c,Synchronous Rectification + DC/DC,chemi-con/rubycon 105c,n/a,n/a,ADDA AD1212HS-A71GL,n/a,-,http://www.gdm.or.jp/review/2017/1106/239442/3,-,-,-
FSP,RAIDER RA-500B,https://kakaku.com/item/K0001099759/,"¥4,155",Bronze,ATX,140,fixed,x1,FSP,FSP Hyper,single sided,Active-Clamp,CapXon 85c,Group Regulation,CapXon/Teapo(+5VSB) 105c,n/a,n/a,n/a,n/a,-,https://value-kaden.com/ra-500b/,https://download1.getuploader.com/g/7%7Cdengensure/139/RA-500B.jpg,-,-
GAMDIAS,ASTRAPE M1-650B,https://kakaku.com/item/K0001054371/,"¥7,980",Bronze,ATX,140,fixed,x1,Andyson,(Xigmatek Marverick S),single sided,double forward,Teapo 85c,Passive Rectification + Group Regulation,JunFu 105c,n/a,n/a,POWERYEAR PY-1225H12S,n/a,-,https://akiba-pc.watch.impress.co.jp/docs/sp/1134311.html,http://www.f14lab.com/2018/12/review-gamdias-astrape-m1-80plus.html,-,-
GAMDIAS,KRATOS M1-600B,https://kakaku.com/item/K0001139417/,"¥6,887",Bronze,ATX,140,fixed,x1,Andyson?,unknown,unknown,unknown,unknown,unknown,unknown,unknown,n/a,unknown,n/a,-,-,-,-,-
GAMDIAS,KRATOS P1-750G,https://kakaku.com/item/K0001193089/,"¥9,244",Gold,ATX,140,semi,x1,Andyson,Andyson H6?,double sided?,half-bridge LLC,unknown,Synchronous Rectification + DC/DC,unknown,unknown,n/a,unknown,n/a,-,-,-,-,-
HEC,WIN+ POWER 3s HEC-WN3S-500W,https://kakaku.com/item/K0000851707/,"¥7,574",Bronze,ATX,140,fixed,x1,HEC,(Be Quiet Pure Power L8),single sided,double forward,CapXon 85c,Passive Rectification + Group Regulation,Teapo 105c,n/a,n/a,unknown,n/a,-,https://akiba-pc.watch.impress.co.jp/docs/dosv/1005399.html#contents-section-2-4,-,-,-
HEC,WIN+ POWER 3s HEC-WN3S-600W,https://kakaku.com/item/K0000851708/,"¥8,015",Bronze,ATX,140,fixed,x1,HEC,(Be Quiet Pure Power L8),single sided,double forward,? CapXon 85c,Passive Rectification + Group Regulation,? Teapo 105c,n/a,n/a,unknown,n/a,-,-,-,-,-
IN WIN,IP-P300CN7-2-H,https://kakaku.com/item/K0000622685/,"¥9,049",Bronze,TFX,100,fixed,x1,IN WIN,unknown,single sided,unknown,unknown,unknown,unknown,unknown,unknown,unknown 80mm,n/a,-,-,-,-,-
IN WIN,IP-S300EF7-2-H,https://kakaku.com/item/K0000622684/,"¥8,100",Bronze,TFX,175,fixed,-,IN WIN,unknown,single sided,unknown,unknown,unknown,unknown,unknown,unknown,unknown,n/a,-,-,-,-,-
IN WIN,IP-S300FF1-0 H EM,https://kakaku.com/item/K0001004908/,"¥6,325",Not Certified,TFX,175,fixed,x1,IN WIN,unknown,single sided,double forward,unknown,Passive Rectification + Group Regulation,unknown 105c,n/a,n/a,unknown 80mm,n/a,-,https://www.hardwareinsights.com/in-winpower-man-ip-s300ff1-0-tfx-review/3/,-,-,-
IN WIN,IP-S300FF1-0-H,https://kakaku.com/item/K0000622683/,"¥7,050",Not Certified,TFX,175,fixed,x1,IN WIN,unknown,single sided,double forward,unknown,Passive Rectification + Group Regulation,unknown 105c,n/a,n/a,unknown 80mm,n/a,-,https://www.hardwareinsights.com/in-winpower-man-ip-s300ff1-0-tfx-review/3/,-,-,-
KEIAN,GORI-MAX3 KT-S650-12A2,https://kakaku.com/item/K0000747446/,"¥3,894",Standard,ATX,140,fixed,x1,Comstars,unknown,single sided,unknown,unknown,unknown,unknown,unknown,unknown,unknown,n/a,-,-,-,-,-
KEIAN,自作本舗 KT-450PS3,https://kakaku.com/item/K0000836004/,"¥3,440",Not Certified,ATX,140,fixed,x1,Comstars,unknown,single sided,unknown,unknown,unknown,unknown,unknown,unknown,unknown,n/a,-,-,-,-,-
KEIAN,静か Gold KT-AP600-AXG HC,https://kakaku.com/item/K0000927231/,"¥6,200",Gold,ATX,140,fixed,x1,Comstars,unknown,single sided,double forward,Teapo 105c,Passive Rectification + DC/DC,unknown,unknown,n/a,unknown,n/a,-,https://review.kakaku.com/review/K0000927231/ReviewCD=1071846/,-,-,-
RAIDMAX,Cobra Power RX-600AE-M,https://kakaku.com/item/K0001021590/,"¥6,966",Gold,ATX,163,full,x1,Andyson,(Aerocool KCAS G),single sided,double forward,? japanese 105c,? Passive Rectification + DC/DC,? Teapo 105c,unknown,n/a,? POWERYEAR PY-13525H12S,n/a,-,-,-,-,-
RAIDMAX,Cobra Power RX-800AE-M,https://kakaku.com/item/K0001021591/,"¥8,391",Gold,ATX,163,full,x1,Andyson,(Aerocool KCAS G),single sided,double forward,japanese 105c,? Passive Rectification + DC/DC,Teapo 105c,unknown,n/a,POWERYEAR PY-13525H12S,n/a,-,https://www.overclockers.ua/power/raidmax-cobra-rx-800ae/,-,-,-
RAIDMAX,Thunder RGB RX-535AP-R,https://kakaku.com/item/K0001021588/,"¥5,389",Bronze,ATX,165,semi,x1,Andyson,(Xigmatek Marverick S),single sided,double forward,? Teapo 85c,Passive Rectification + Group Regulation,? JunFu 105c,n/a,n/a,? POWERYEAR PY-13525M12S,n/a,-,-,-,-,-
RAIDMAX,Thunder RGB RX-735AP-R,https://kakaku.com/item/K0001021589/,"¥7,668",Bronze,ATX,165,semi,x1,Andyson,(Xigmatek Marverick S),single sided,double forward,Teapo 85c,Passive Rectification + Group Regulation,JunFu 105c,n/a,n/a,POWERYEAR PY-13525M12S,n/a,-,https://www.overclockers.ua/power/raidmax-thunder-rgb-rx-735ap-r/,-,-,-
Scythe,CORE-SFX300,https://kakaku.com/item/K0000643353/,"¥3,123",Not Certified,SFX,100,fixed,-,unknown,unknown,single sided,unknown,unknown,unknown,unknown,unknown,n/a,QHD 80mm,n/a,-,http://hatoka.blog.fc2.com/blog-entry-60.html,-,-,-
Scythe,CORE-TFX275,https://kakaku.com/item/K0000933818/,"¥3,252",Not Certified,TFX,175,fixed,-,unknown,unknown,single sided,unknown,unknown,unknown,unknown,unknown,n/a,QHD QH8020SE 12M,n/a,-,https://sarashina.info/pc/vostrodengen.html,-,-,-
Scythe,Ichi Power IP250B,https://kakaku.com/item/K0000275816/,"¥2,580",Not Certified,ATX,140,fixed,-,unknown,unknown,single sided,unknown,unknown,unknown,unknown,unknown,n/a,unknown,n/a,-,-,-,-,-
Scythe,鎌力シルバー プラグイン750W SPKS-750P,https://kakaku.com/item/K0000914833/,"¥6,891",Silver,ATX,160,semi,x1,Sirtec,Sirtec Astro Lite HPM ,single sided,half-bridge LLC,unknown,Synchronous Rectification + DC/DC,unknown 105c,n/a,n/a,unknown,n/a,-,https://www.scythe.co.jp/product/power/spks-750p,-,-,-
Scythe,剛短3 プラグイン SPGT3-400P,https://kakaku.com/item/K0000904367/,"¥8,833",Bronze,ATX,123,semi,x1,Sirtec,Sirtec Element Smart,single sided,double forward,unknown,Passive Rectification + Group Regulation,unknown 105c,n/a,n/a,unknown,n/a,-,-,-,-,-
Scythe,剛短4 プラグイン SPGT4-500P,https://kakaku.com/item/K0001119172/,"¥6,255",Bronze,ATX,125,semi,x1,Sirtec,Sirtec Element Smart,single sided,double forward,unknown,Passive Rectification + Group Regulation,unknown 105c,n/a,n/a,unknown,n/a,-,-,-,-,-
Scythe,剛短4 プラグイン SPGT4-600P,https://kakaku.com/item/K0001119173/,"¥6,675",Bronze,ATX,125,semi,x1,Sirtec,Sirtec Element Smart,single sided,double forward,unknown,Passive Rectification + Group Regulation,unknown 105c,n/a,n/a,unknown,n/a,-,-,-,-,-
Scythe,剛短4 プラグイン SPGT4-700P,https://kakaku.com/item/K0001119174/,"¥7,480",Bronze,ATX,125,semi,x1,Sirtec,Sirtec Element Smart,single sided,double forward,unknown,Passive Rectification + Group Regulation,unknown 105c,n/a,n/a,unknown,n/a,-,-,-,-,-
Seasonic,SSR-450FM,https://kakaku.com/item/K0001042495/,"¥9,255",Gold,ATX,140,semi,x1,Seasonic,Seasonic Focus Gold,double sided,full-bridge LLC,japanese 105c,Synchronous Rectification + DC/DC,japanese 105c,chemi-con or FPCAP,chemi-con or FPCAP,HongHua HA1225H12F-Z,n/a,-,-,-,-,-
Seasonic,SSR-550FM,https://kakaku.com/item/K0001042496/,"¥9,979",Gold,ATX,140,semi,x1,Seasonic,Seasonic Focus Gold,double sided,full-bridge LLC,japanese 105c,Synchronous Rectification + DC/DC,japanese 105c,chemi-con or FPCAP,chemi-con or FPCAP,HongHua HA1225H12F-Z,n/a,-,https://review.kakaku.com/review/K0001042496/ReviewCD=1191453/ImageID=443813/,-,-,-
Sharkoon,SHA-SFX450B,https://kakaku.com/item/K0000746880/,"¥8,959",Bronze,SFX,100,semi,x1,Sirtec,Sirtec Compact SFX Bronze,single sided,double forward,unknown,Passive Rectification + Group Regulation,TEAPO 105c,n/a,n/a,unknown,n/a,-,https://www.dospara.co.jp/monotech/news/12445.html,-,-,-
SILVERSTONE,SST-ET550-B,https://kakaku.com/item/K0000966592/,"¥5,378",Bronze,ATX,140,fixed,x1,CWT,CWT GPK,single sided,double forward,japanese 105c,Passive Rectification + Group Regulation,? CapXon/JunFu 105c,n/a,n/a,? HongHua HA1225H12S-Z,n/a,-,-,-,-,-
SILVERSTONE,SST-ET550-G,https://kakaku.com/item/K0000993123/,"¥8,210",Gold,ATX,140,fixed,x1,CWT,CWT GPS,single sided,half-bridge LLC,japanese 105c?,Synchronous Rectification + DC/DC,unknown 105c,unknown,n/a,unknown,n/a,-,-,-,-,-
SILVERSTONE,SST-ET550-HG,https://kakaku.com/item/K0001017317/,"¥8,950",Gold,ATX,160,semi,x1,CWT,CWT GPS,single sided,half-bridge LLC,japanese 105c,Synchronous Rectification + DC/DC,? CapXon/Su'scon/JunFu/ChengX 105c,? APAQ/Elite,n/a,? Yateloon D14SM-12,n/a,-,-,-,-,-
SILVERSTONE,SST-ET650-B,https://kakaku.com/item/K0000966591/,"¥6,059",Bronze,ATX,140,fixed,x1,CWT,CWT GPK,single sided,double forward,japanese 105c,Passive Rectification + Group Regulation,CapXon/JunFu 105c,n/a,n/a,HongHua HA1225H12S-Z,n/a,-,http://www.realhardtechx.com/index_archivos/SILVERSTONE_Essential_series_ET650_B_650W_5.html,-,-,-
SILVERSTONE,SST-ET650-G,https://kakaku.com/item/K0000993124/,"¥9,720",Gold,ATX,140,fixed,x1,CWT,CWT GPS,single sided,half-bridge LLC,japanese 105c?,Synchronous Rectification + DC/DC,unknown 105c,unknown,n/a,unknown,n/a,-,-,-,-,-
SILVERSTONE,SST-ET650-HG,https://kakaku.com/item/K0001017318/,"¥9,480",Gold,ATX,160,semi,x1,CWT,CWT GPS,single sided,half-bridge LLC,japanese 105c,Synchronous Rectification + DC/DC,? CapXon/Su'scon/JunFu/ChengX 105c,? APAQ/Elite,n/a,? Yateloon D14SM-12,n/a,-,-,-,-,-
SILVERSTONE,SST-ET750-G,https://kakaku.com/item/K0000993125/,"¥9,050",Gold,TFX,140,fixed,x1,CWT,CWT GPS,single sided,half-bridge LLC,japanese 105c?,Synchronous Rectification + DC/DC,unknown 105c,unknown,n/a,unknown,n/a,-,-,-,-,-
SILVERSTONE,SST-ET750-HG,https://kakaku.com/item/K0001017319/,"¥8,640",Gold,ATX,160,semi,x1,CWT,CWT GPS,single sided,half-bridge LLC,japanese 105c,Synchronous Rectification + DC/DC,CapXon/Su'scon/JunFu/ChengX 105c,APAQ/Elite,n/a,Yateloon D14SM-12,n/a,-,https://www.profesionalreview.com/2018/06/03/silverstone-et750-hg-gold-review/,https://tecnolocura.es/silverstone-et750-hg-psu-review/,https://aphnetworks.com/reports/silverstone-essential-gold-et750-hg-750w/3,https://bit-tech.net/reviews/tech/psus/silverstone-essential-gold-750w-review/1/
SILVERSTONE,SST-ST30SF V2,https://kakaku.com/item/K0000927889/,"¥5,180",Bronze,SFX,100,fixed,x1,Sirtec,(SST-ST45SF V3),single sided,double forward,japanese 105c,Passive Rectification + DC/DC,chemi-con/TEAPO 105c,n/a,Teapo,Globefan S0921512M,n/a,-,https://smallformfactor.net/reviews/silverstone-st30sf-v2-0-st45sf-v3-0-review/,https://www.anandtech.com/show/11070/the-silverstone-st30sf-st45sf-sfx-psu-review/2,https://www.cybenetics.com/index.php?option=database&manfID=51&volts=1,-
SILVERSTONE,SST-ST40F-ESB,https://kakaku.com/item/K0000738815/,"¥5,480",Bronze,ATX,140,fixed,x1,Enhance,Enhance ATX1200B,single sided,double forward,unknown,Passive Rectification + Group Regulation,unknown 105c,n/a,n/a,unknown,n/a,V2,https://www.silverstonetek.com/product.php?pid=556,-,-,-
SILVERSTONE,SST-ST45SF,https://kakaku.com/item/K0000102888/,"¥5,445",Bronze,SFX,140,fixed,x1,FSP,FSP SFX GHS,single sided,double forward,unknown,Passive Rectification + Group Regulation,unknown 105c,n/a,n/a,unknown,n/a,-,https://www.silverstonetek.com/product.php?pid=253&area=jp,-,-,-
SILVERSTONE,SST-ST45SF V3,https://kakaku.com/item/K0000935379/,"¥9,060",Bronze,SFX,100,fixed,x1,Sirtec,(SST-ST45SF V3),single sided,double forward,japanese 105c,Passive Rectification + DC/DC,chemi-con/TEAPO 105c,n/a,Teapo,Globefan S0921512H,n/a,-,https://smallformfactor.net/reviews/silverstone-st30sf-v2-0-st45sf-v3-0-review/,https://www.anandtech.com/show/11070/the-silverstone-st30sf-st45sf-sfx-psu-review/2,https://www.cybenetics.com/index.php?option=database&manfID=51&volts=1,-
SILVERSTONE,SST-ST45SF-G,https://kakaku.com/item/K0000401596/,"¥8,880",Gold,SFX,100,full,x1,Enhance,Enhance ENP7100S,double sided,half-bridge LLC,japanese 105c,Synchronous Rectification + DC/DC,chemi-con/rubycon 105c,Teapo 105c,n/a,ADDA AD0812HB-D70 or YONGLIN TECH DFB801512H,n/a,-,https://www.hardocp.com/article/2013/03/14/silverstone_sfx_st45sfg_450w_power_supply_review/3,https://diit.cz/clanek/silverstone-sfx-series-450-w-sst-st45sf-g/sekundarni-strana-kvalita-provedeni,https://www.59hardware.net/articles/alimentations/alimentation-sfx-silverstone-sst-st45sf-g-2014060916067/all.html,-
SILVERSTONE,SST-ST50F-ESB,https://kakaku.com/item/K0000738816/,"¥6,250",Bronze,ATX,140,fixed,x1,Enhance,Enhance ATX1200B,single sided,double forward,unknown,Passive Rectification + Group Regulation,unknown 105c,n/a,n/a,unknown,n/a,V2,https://www.silverstonetek.com/product.php?pid=557,-,-,-
SILVERSTONE,SST-ST50F-ESG,https://kakaku.com/item/K0000614642/,"¥8,880",Gold,ATX,140,semi,x1,FSP,FSP Raider,single sided,Active-Clamp,Panasonic 105c,Synchronous Rectification + Group(5V/3.3V) Regulation,chemi-con/rubycon 105c,n/a,n/a,Yateloon D12SM-12,n/a,-,https://www.%65xpreview.com/32812-all.html,https://lab501.ro/carcase-surse/silverstone-strider-essential-gold-500w-st50f-esg-review/3,-,-
SILVERSTONE,SST-ST60F-ESB,https://kakaku.com/item/K0000614644/,"¥7,180",Bronze,ATX,140,fixed,x1,Enhance,Enhance ATX1200B,single sided,double forward,unknown,Passive Rectification + Group Regulation,unknown 105c,n/a,n/a,unknown,n/a,V2,https://www.silverstonetek.com/product.php?pid=463,-,-,-
SILVERSTONE,SST-ST60F-PB,https://kakaku.com/item/K0000723873/,"¥9,280",Bronze,ATX,140,semi,x1,Enhance,Enhance ATX1200B,single sided,double forward,Teapo 85c,Passive Rectification + Group Regulation,Teapo/TAICON 105c,n/a,unknown,Yateloon D12SH-12,n/a,-,https://nl.hardware.info/product/275000/silverstone-strider-plus-600w,http://www.tweaks.pl/zasilacze/siverstone-strider-plus-st60f-pb-600w-test-modularnego-zasilacza/3/,https://www.ix%62t.com/power/psu/silverstone-st60f-pb-2015.shtml,-
SILVERSTONE,SST-ST70F-ESB,https://kakaku.com/item/K0000614643/,"¥9,480",Bronze,ATX,140,semi,x1,Enhance,Enhance ATX1200B,single sided,double forward,unknown,Passive Rectification + Group Regulation,unknown 105c,n/a,n/a,unknown,n/a,-,https://www.silverstonetek.com/product.php?pid=464&area=jp,-,-,-
SILVERSTONE,SST-SX300-B,https://kakaku.com/item/K0001218762/,"¥7,677",Bronze,SFX,100,fixed,x1,unknown,unknown,single sided,unknown,unknown,Passive Rectification + DC/DC,unknown,APAQ,n/a,unknown,n/a,FSPか？,-,-,-,-
SILVERSTONE,SST-SX450-B,https://kakaku.com/item/K0001218763/,"¥9,877",Bronze,SFX,100,fixed,x1,unknown,unknown,single sided,unknown,unknown,Passive Rectification + DC/DC,unknown,APAQ,n/a,unknown,n/a,FSPか？,-,-,-,-
SILVERSTONE,SST-TX300,https://kakaku.com/item/K0000951442/,"¥7,510",Bronze,TFX,175,fixed,x1,CWT,CWT GPF,single sided,double forward,unknown,Passive Rectification + Group Regulation,unknown 105c,n/a,n/a,unknown,n/a,-,"https://www.tomshardware.com/news/tx300-silverstone-first-tfx-psu,34470.html",https://ru.gecid.com/power/chieftec_gpf-250p/?s=all,-,-
SUPER FLOWER,LEADEX III GOLD 550W,https://kakaku.com/item/K0001187329/,"¥9,980",Gold,ATX,160,full,x1,SUPER FLOWER,LEADEX III GOLD,double sided,half-bridge LLC,chemi-con 105c,Synchronous Rectification + DC/DC,japanese 105c,FPCAP,Chemi-con/Teapo,Globefan S1282412L,yes,-,ftp://members.cybenetics.report/PDF_Reports/d/cybenetics_sm4.pdf,-,-,-
Thermaltake,SMART 350W STANDARD PS-SPD-0350NPCWJP-W,https://kakaku.com/item/K0000873512/,"¥3,736",Standard,ATX,140,fixed,x1,HKC(九州阳光电源)?,unknown,single sided,double forward,Teapo 85c,Passive Rectification + Group Regulation,ChengX 105c,n/a,n/a,unknown,n/a,-,https://www.ask-corp.jp/products/thermaltake/power-supply/smart-standard.html,-,-,-
Thermaltake,SMART 500W STANDARD PS-SPD-0500NPCWJP-W,https://kakaku.com/item/K0000873513/,"¥4,180",Standard,ATX,140,fixed,x1,HKC(九州阳光电源)?,unknown,single sided,double forward,Teapo 85c,Passive Rectification + Group Regulation,ChengX 105c,n/a,n/a,unknown,n/a,-,https://www.ask-corp.jp/products/thermaltake/power-supply/smart-standard.html,-,-,-
Thermaltake,SMART 600W STANDARD PS-SPD-0600NPCWJP-W,https://kakaku.com/item/K0000873514/,"¥4,341",Standard,ATX,140,fixed,x1,HKC(九州阳光电源)?,unknown,single sided,double forward,Teapo 85c,Passive Rectification + Group Regulation,ChengX 105c,n/a,n/a,unknown,n/a,-,https://www.ask-corp.jp/products/thermaltake/power-supply/smart-standard.html,-,-,-
Thermaltake,Smart BX1 RGB 550W BRONZE PS-SPR-0550NHFABJ-1,https://kakaku.com/item/K0001109731/,"¥5,380",Bronze,ATX,140,fixed,x1,HKC(九州阳光电源),unknown,single sided,double forward,? Rubycon 105c,Passive Rectification + Group Regulation,ChengX 105c,jb capacitors(?),n/a,? XIN WANG XW12025MS(TT-1225),n/a,3C認証：2018010907125969,-,-,-,-
Thermaltake,Smart BX1 RGB 650W BRONZE PS-SPR-0650NHFABJ-1,https://kakaku.com/item/K0001109732/,"¥6,210",Bronze,ATX,140,fixed,x1,HKC(九州阳光电源),unknown,single sided,double forward,Rubycon 105c,Passive Rectification + Group Regulation,ChengX 105c,jb capacitors(?),n/a,XIN WANG XW12025MS(TT-1225),n/a,3C認証：2018010907125969,https://www.nikktech.com/main/articles/pc-hardware/power-supplies/9816-thermaltake-smart-bx1-rgb-650w-power-supply-unit-review?start=4,https://www.hardwareluxx.ru/index.php/artikel/hardware/netzteile/47691-test-i-obzor-thermaltake-smart-bx1-rgb-650w-blok-pitaniya-s-rgb-podsvetkoj-po-vygodnoj-tsene.html?start=2,-,-
Thermaltake,Smart BX1 RGB 750W BRONZE PS-SPR-0750NHFABJ-1,https://kakaku.com/item/K0001109733/,"¥8,078",Bronze,ATX,140,fixed,x1,HKC(九州阳光电源),unknown,single sided,double forward,Rubycon 105c,Passive Rectification + DC/DC?,ChengX 105c,jb capacitors(?),n/a,? XIN WANG XW12025MS(TT-1225),n/a,-,https://megaobzor.com/review-Thermaltake-Smart-BX1-RGB-750W.html,-,-,-
Thermaltake,TOUGHPOWER GX1 RGB GOLD 500W PS-TPD-0500NHFAGJ-1,https://kakaku.com/item/K0001115222/,"¥5,979",Gold,ATX,140,fixed,x1,HKC(九州阳光电源),unknown,single sided,half-bridge LLC,Rubycon 105c,Synchronous Rectification + DC/DC,ChengX 105c,Teapo,n/a,XIN WANG XW12025MS(TT-1225),n/a,3C認証：2018010907125297,https://www.thermaltake.com/toughpower-gx1-rgb-600w-gold.html,-,-,-
Thermaltake,TOUGHPOWER GX1 RGB GOLD 600W PS-TPD-0600NHFAGJ-1,https://kakaku.com/item/K0001115223/,"¥6,794",Gold,ATX,140,fixed,x1,HKC(九州阳光电源),unknown,single sided,half-bridge LLC,Rubycon 105c,Synchronous Rectification + DC/DC,ChengX 105c,Teapo,n/a,XIN WANG XW12025MS(TT-1225),n/a,3C認証：2018010907125297,https://www.thermaltake.com/toughpower-gx1-rgb-600w-gold.html,https://occlub.ru/testodrom/37587-thermaltake-toughpower-gx1-rgb-600-vt-obzor-jeksperiment-udalsja/4,-,-
Thermaltake,TOUGHPOWER GX1 RGB GOLD 700W PS-TPD-0700NHFAGJ-1,https://kakaku.com/item/K0001115224/,"¥7,893",Gold,ATX,140,fixed,x1,HKC(九州阳光电源),unknown,single sided,half-bridge LLC,Rubycon 105c,Synchronous Rectification + DC/DC,ChengX 105c,Teapo,n/a,XIN WANG XW12025MS(TT-1225),n/a,3C認証：2018010907125297,https://www.thermaltake.com/toughpower-gx1-rgb-600w-gold.html,-,-,-
Thermaltake,TR2 450W V2 BRONZE PS-TR2-0450NPCBJP-B-V2,https://kakaku.com/item/K0000873519/,"¥5,445",Bronze,ATX,140,fixed,x1,CWT,CWT GPK,single sided,double forward,japanese 105c,Passive Rectification + Group Regulation,CapXon 105c,n/a,n/a,unknown,n/a,-,https://kakaku.com/item/K0000873520/images/page=ka_5/,-,-,-
Thermaltake,TR2 450W V2 GOLD PS-TR2-0450NPCGJP-G-V2,https://kakaku.com/item/K0000873515/,"¥5,979",Gold,ATX,140,fixed,x1,Sirtec,Sirtec Astro Lite HPM,single sided,half-bridge LLC,Teapo 85c,Synchronous Rectification + DC/DC,TEAPO 105c,Teapo,n/a,unknown,n/a,-,https://www.ask-corp.jp/products/thermaltake/power-supply/tr2-v2-gold.html,-,-,-
Thermaltake,TR2 500W V2 BRONZE PS-TR2-0500NPCBJP-B-V2,https://kakaku.com/item/K0000873520/,"¥6,673",Bronze,ATX,140,fixed,x1,CWT,CWT GPK,single sided,double forward,japanese 105c,Passive Rectification + Group Regulation,CapXon 105c,n/a,n/a,unknown,n/a,-,https://kakaku.com/item/K0000873520/images/page=ka_5/,-,-,-
Thermaltake,TR2 500W V2 GOLD PS-TR2-0500NPCGJP-G-V2,https://kakaku.com/item/K0000873516/,"¥6,232",Gold,ATX,140,fixed,x1,Sirtec,Sirtec Astro Lite HPM,single sided,half-bridge LLC,Teapo 85c,Synchronous Rectification + DC/DC,TEAPO 105c,Teapo,n/a,unknown,n/a,-,https://www.ask-corp.jp/products/thermaltake/power-supply/tr2-v2-gold.html,-,-,-
Thermaltake,TR2 600W V2 BRONZE PS-TR2-0600NPCBJP-B-V2,https://kakaku.com/item/K0000873521/,"¥7,214",Bronze,ATX,140,fixed,x1,CWT,CWT GPK,single sided,double forward,japanese 105c,Passive Rectification + Group Regulation,CapXon 105c,n/a,n/a,unknown,n/a,-,https://kakaku.com/item/K0000873520/images/page=ka_5/,-,-,-
Thermaltake,TR2 600W V2 GOLD PS-TR2-0600NPCGJP-G-V2,https://kakaku.com/item/K0000873517/,"¥7,678",Gold,ATX,140,fixed,x1,Sirtec,Sirtec Astro Lite HPM,single sided,half-bridge LLC,Teapo 85c,Synchronous Rectification + DC/DC,TEAPO 105c,Teapo,n/a,unknown,n/a,-,https://www.ask-corp.jp/products/thermaltake/power-supply/tr2-v2-gold.html,-,-,-
ZAWARD,FLEX 250 ENP7025B-126YGD-N,https://kakaku.com/item/K0000419776/,"¥8,732",Bronze,Flex ATX,81.5,fixed,-,Enhance,Enhance ENP7100,unknown,unknown,unknown,unknown,unknown,unknown,n/a,unknown,n/a,-,-,-,-,-
玄人志向,KRPW-AC120W,https://kakaku.com/item/K0000488262/,"¥7,280",Not Certified,AC Brick,0,fixed,-,Enhance,ENA-1112-19 + END0512,n/a,n/a,n/a,DC/DC,chemi-con/rubycon 105c,n/a,n/a,n/a,n/a,-,http://rarak.jp/5510,-,-,-
玄人志向,KRPW-AK650W/88+,https://kakaku.com/item/K0000903028/,"¥6,142",Silver,ATX,140,fixed,x1,Enhance,Enhance ATX1500B,double sided,half-bridge LLC?,japanese 105c,Synchronous Rectification + DC/DC,? TAICON/Teapo 105c,? unicon,n/a,unknown,n/a,-,-,-,-,-
玄人志向,KRPW-AK750W/88+,https://kakaku.com/item/K0000903027/,"¥7,133",Silver,ATX,140,fixed,x1,Enhance,Enhance ATX1500B,double sided,half-bridge LLC?,japanese 105c,Synchronous Rectification + DC/DC,TAICON/Teapo 105c,unicon,n/a,unknown,n/a,-,https://potato.5ch.net/test/read.cgi/jisaku/1308823441/989-990,-,-,-
玄人志向,KRPW-BK450W/85+,https://kakaku.com/item/K0001026571/,"¥4,800",Bronze,ATX,140,semi,x1,HEC,(MasterWatt),single sided,double forward,japanese 105c,Synchronous Rectification + DC/DC,chemi-con 105c,FPCAP,chemi-con 105c,DWPH EFS-12E12H,n/a,-,https://egg.5ch.net/test/read.cgi/jisaku/1544418614/717,https://www.amazon.co.jp/dp/B078HLJP9P#aplus_feature_div,-,-
玄人志向,KRPW-BK550W/85+,https://kakaku.com/item/K0001026570/,"¥5,043",Bronze,ATX,140,semi,x1,HEC,(MasterWatt),single sided,double forward,japanese 105c,Synchronous Rectification + DC/DC,? chemi-con 105c,? FPCAP,? chemi-con 105c,? DWPH EFS-12E12H,n/a,-,-,https://www.amazon.co.jp/dp/B078HLJP9P#aplus_feature_div,-,-
玄人志向,KRPW-BK650W/85+,https://kakaku.com/item/K0001026569/,"¥5,691",Bronze,ATX,140,semi,x1,HEC,(MasterWatt),single sided,double forward,japanese 105c,Synchronous Rectification + DC/DC,chemi-con 105c,FPCAP,chemi-con 105c,? DWPH EFS-12E12H,n/a,-,https://koshitatu.com/?p=12871,https://www.amazon.co.jp/dp/B078HLJP9P#aplus_feature_div,-,-
玄人志向,KRPW-BK750W/85+,https://kakaku.com/item/K0001026568/,"¥6,339",Bronze,ATX,140,semi,x1,HEC,(MasterWatt),single sided,double forward,japanese 105c,Synchronous Rectification + DC/DC,? chemi-con 105c,? FPCAP,? chemi-con 105c,? DWPH EFS-12E12H,n/a,-,-,https://www.amazon.co.jp/dp/B078HLJP9P#aplus_feature_div,-,-
玄人志向,KRPW-GK550W/90+,https://kakaku.com/item/K0001012951/,"¥6,664",Gold,ATX,140,full,x1,Enhance,Enhance ATX2700,double sided,half-bridge LLC,japanese 105c,Synchronous Rectification + DC/DC,? Teapo/Unicon 105c,unknown,unknown,unknown,n/a,-,-,-,-,-
玄人志向,KRPW-GK650W/90+,https://kakaku.com/item/K0001012950/,"¥8,078",Gold,ATX,140,full,x1,Enhance,Enhance ATX2700,double sided,half-bridge LLC,japanese 105c,Synchronous Rectification + DC/DC,? Teapo/Unicon 105c,unknown,unknown,unknown,n/a,-,-,-,-,-
玄人志向,KRPW-GK750W/90+,https://kakaku.com/item/K0001012949/,"¥8,942",Gold,ATX,140,full,x2,Enhance,Enhance ATX2700,double sided,half-bridge LLC,japanese 105c,Synchronous Rectification + DC/DC,Teapo/Unicon 105c,unknown,unknown,unknown,n/a,-,https://blog.tsukumo.co.jp/ex/2017/12/_krpw-gk750w90.html,-,-,-
玄人志向,KRPW-L5-400W/80+,https://kakaku.com/item/K0000793727/,"¥3,044",Standard,ATX,140,fixed,x1,Enhance,Enhance ATX1200B,single sided,double forward,Teapo 105c,Passive Rectification + Group Regulation,Teapo/Su'scon/Taicon 105c,n/a,n/a,Yateloon D12SH-12,n/a,-,https://sitifukuzin.com/blog/?p=50799,-,-,-
玄人志向,KRPW-L5-500W/80+,https://kakaku.com/item/K0000793726/,"¥3,623",Standard,ATX,140,fixed,x1,Enhance,Enhance ATX1200B,single sided,double forward,Teapo 105c,Passive Rectification + Group Regulation,Teapo/Su'scon/Taicon 105c,n/a,n/a,? Yateloon D12SH-12,n/a,-,https://akiba-pc.watch.impress.co.jp/img/ah/docs/726/008/html/mdosv1511_9a04.jpg.html,-,-,-
玄人志向,KRPW-L5-600W/80+,https://kakaku.com/item/K0000793725/,"¥4,432",Standard,ATX,140,fixed,x1,Enhance,Enhance ATX1200B,single sided,double forward,? Teapo 105c,Passive Rectification + Group Regulation,? Teapo/Su'scon/Taicon 105c,n/a,n/a,? Yateloon D12SH-12,n/a,-,-,-,-,-
玄人志向,KRPW-MG1200W,https://kakaku.com/item/K0001072540/,"¥8,690",Not Certified,ATX,180,fixed,x1,ATNG,ATNG BT-1200WF,single sided,half-bridge LLC?,JEFA 105c?,Synchronous Rectification + DC/DC?,Teapo 105c?,unknown,n/a,unknown,n/a,-,https://elmir.ua/power_supplies/power_supply_unit_1200w_atng_80+_gold_bulk_eth-1200.html,https://qwertyshop.ua/atng-eth-1200-bulk-1200w,-,-
玄人志向,KRPW-N500W/85+,https://kakaku.com/item/K0000630658/,"¥4,629",Bronze,ATX,125,fixed,x1,ATNG,ATNG ATA-B,single sided,half-bridge LLC,Teapo 105c,Passive Rectification + Group Regulation,Teapo(/Su'scon?) 105c,n/a,n/a,? BOK BDM12025S,n/a,-,https://b.eax.jp/review/11806/,-,-,-
玄人志向,KRPW-N600W/85+,https://kakaku.com/item/K0000779148/,"¥5,280",Bronze,ATX,125,fixed,x1,ATNG,ATNG ATA-B,single sided,half-bridge LLC,Teapo 105c,Passive Rectification + Group Regulation,Teapo(/Su'scon?) 105c,n/a,n/a,BOK BDM12025S,n/a,-,https://akiba-pc.watch.impress.co.jp/docs/dosv/758155.html,-,-,-
玄人志向,KRPW-PT500W/92+ REV2.0,https://kakaku.com/item/K0000623947/,"¥7,069",Platinum,ATX,140,fixed,x1,Enhance,Enhance ATX1300,double sided,half-bridge LLC,Panasonic 105c,Synchronous Rectification + DC/DC,Teapo/TAICON/Su'scon 105c,Teapo or Duratech/Enesol,n/a,? Yateloon D12SH-12,n/a,Ecos ID # 3784.1,-,-,-,-
玄人志向,KRPW-PT600W/92+ REV2.0,https://kakaku.com/item/K0000623946/,"¥8,618",Platinum,ATX,140,fixed,x1,Enhance,Enhance ATX1300,double sided,half-bridge LLC,Panasonic 105c,Synchronous Rectification + DC/DC,Teapo/TAICON/Su'scon 105c,Teapo or Duratech/Enesol,n/a,Yateloon D12SH-12,n/a,Ecos ID # 3785.1,https://u7.getuploader.com/dengensure/download/136,http://will2.web.fc2.com/dengen2.html,-,-
玄人志向,KRPW-RS700W/88+,https://kakaku.com/item/K0000733580/,"¥8,870",Silver,ATX,140,fixed,x1,ATNG,ATNG ATG-S,single sided,unknown,unknown 105c,unknown,unknown 105c,unknown,n/a,unknown,n/a,Ecos ID # 4135.1,-,-,-,-
玄人志向,KRPW-SX400W/90+,https://kakaku.com/item/K0000585478/,"¥6,277",Gold,SFX,100,fixed,-,Enhance,Enhance ENP7100S,double sided,half-bridge LLC,japanese 105c,Synchronous Rectification + DC/DC,unknown 105c,unknown,unknown,unknown,n/a,Ecos ID # 3517.1,-,-,-,-
玄人志向,KRPW-SXP600W/90+,https://kakaku.com/item/K0001100455/,"¥9,687",Gold,SFX,100,full,x1,Enhance,Enhance ENP7100S?,double sided,half-bridge LLC,unknown,Synchronous Rectification + DC/DC,unknown 105c,unknown,unknown,unknown,n/a,-,-,-,-,-
玄人志向,KRPW-TX300W/90+,https://kakaku.com/item/K0000585479/,"¥5,574",Gold,TFX,175,fixed,x1,IN WIN,INWIN GF (IP-P300GF7-2),single sided,double forward,unknown 105c,Passive Rectification + DC/DC,unknown 105c,unknown,n/a,unknown,n/a,Ecos ID # 2621.1,-,-,-,-
